<?xml version="1.0"?>
<!DOCTYPE Configure PUBLIC "-//Jetty//Configure//EN" "http://www.eclipse.org/jetty/configure_9_0.dtd">

<Configure class="org.eclipse.jetty.webapp.WebAppContext">

    <Call name="setAttribute">
        <Arg>org.eclipse.jetty.server.webapp.WebInfIncludeJarPattern</Arg>
        <Arg>.*/spring-security[^/]*\.jar$|.*/spring-web[^/]*\.jar$|.*/classes/.*</Arg>
    </Call>

<!--    <Call name="setAttribute">-->
<!--      <Arg>org.eclipse.jetty.server.webapp.ContainerIncludeJarPattern</Arg>-->
<!--      <Arg>.*/foo-[^/]*\.jar$|.*/bar-[^/]*\.jar$|.*/classes/.*</Arg>-->
<!--    </Call>-->

</Configure>
